Datetime,FVG_Type,FVG_Lo,FVG_Hi,FVG_Mid,Width_Pips,Displacement_Pips
2023-11-08 04:00:00,BEARISH,1.06838,1.06895,1.06866,5.7,9.1
2023-11-08 12:00:00,BULLISH,1.06838,1.07043,1.06941,20.6,27.4
2023-11-09 16:00:00,BEARISH,1.06781,1.06906,1.06843,12.6,46.9
2023-11-13 16:00:00,BULLISH,1.06952,1.06998,1.06975,4.6,10.3
2023-11-14 08:00:00,BULLISH,1.07112,1.07216,1.07164,10.3,11.5
2023-11-14 12:00:00,BULLISH,1.07331,1.08413,1.07872,108.2,118.5
2023-11-14 16:00:00,BULLISH,1.08448,1.08767,1.08607,31.8,43.7
2023-11-17 08:00:00,BULLISH,1.08589,1.08613,1.08601,2.4,35.3
2023-11-17 12:00:00,BULLISH,1.08767,1.08778,1.08773,1.2,24.9
2023-11-17 16:00:00,BULLISH,1.08956,1.09004,1.0898,4.8,11.9
2023-11-21 00:00:00,BULLISH,1.09505,1.09541,1.09523,3.6,18.0
2023-11-21 16:00:00,BEARISH,1.09218,1.09349,1.09284,13.1,21.5
2023-11-23 00:00:00,BULLISH,1.08968,1.09039,1.09004,7.1,15.4
2023-11-24 12:00:00,BULLISH,1.0923,1.09314,1.09272,8.4,25.1
2023-11-28 12:00:00,BULLISH,1.09601,1.09769,1.09685,16.8,32.5
2023-11-30 04:00:00,BEARISH,1.09613,1.09709,1.09661,9.6,22.8
2023-11-30 08:00:00,BEARISH,1.09433,1.09469,1.09451,3.6,37.1
2023-12-04 12:00:00,BEARISH,1.08319,1.08601,1.0846,28.2,56.4
2023-12-04 20:00:00,BULLISH,1.08319,1.08378,1.08348,5.9,9.4
2023-12-05 16:00:00,BEARISH,1.08026,1.0805,1.08038,2.3,22.2
2023-12-06 16:00:00,BEARISH,1.07735,1.07759,1.07747,2.3,23.3
2023-12-07 12:00:00,BULLISH,1.07875,1.07887,1.07881,1.2,11.6
2023-12-08 12:00:00,BEARISH,1.07724,1.07759,1.07741,3.5,15.1
2023-12-12 04:00:00,BULLISH,1.07724,1.0777,1.07747,4.6,9.3
2023-12-13 16:00:00,BULLISH,1.08108,1.08696,1.08402,58.8,92.9
2023-12-14 08:00:00,BULLISH,1.09123,1.09135,1.09129,1.2,47.6
2023-12-14 12:00:00,BULLISH,1.09337,1.0983,1.09584,49.2,61.3
2023-12-15 08:00:00,BEARISH,1.09721,1.09842,1.09782,12.1,27.8
2023-12-15 12:00:00,BEARISH,1.09194,1.09517,1.09356,32.3,53.9
2023-12-18 00:00:00,BULLISH,1.09111,1.09123,1.09117,1.2,15.5
2023-12-19 12:00:00,BULLISH,1.09505,1.09733,1.09619,22.8,46.9
2023-12-20 00:00:00,BEARISH,1.09733,1.09757,1.09745,2.4,9.6
2023-12-21 08:00:00,BULLISH,1.09589,1.09782,1.09685,19.2,32.5
2023-12-26 16:00:00,BULLISH,1.10351,1.10424,1.10387,7.3,19.5
2023-12-27 12:00:00,BULLISH,1.10619,1.11025,1.10822,40.5,47.9
2023-12-28 12:00:00,BEARISH,1.11086,1.11099,1.11093,1.2,12.4
2023-12-28 16:00:00,BEARISH,1.1073,1.10767,1.10748,3.7,40.6
2024-01-01 20:00:00,BEARISH,1.10461,1.10534,1.10497,7.3,13.4
2024-01-02 08:00:00,BEARISH,1.09745,1.10193,1.09969,44.7,50.8
2024-01-02 12:00:00,BEARISH,1.09637,1.09697,1.09667,6.0,25.2
2024-01-03 00:00:00,BULLISH,1.09529,1.09553,1.09541,2.4,19.2
2024-01-03 08:00:00,BEARISH,1.09397,1.09553,1.09475,15.6,39.5
2024-01-04 04:00:00,BULLISH,1.09337,1.09385,1.09361,4.8,12.0
2024-01-05 00:00:00,BEARISH,1.09445,1.09469,1.09457,2.4,6.0
2024-01-05 04:00:00,BEARISH,1.09314,1.09421,1.09367,10.8,15.5
2024-01-05 12:00:00,BULLISH,1.09314,1.09349,1.09331,3.6,62.3
2024-01-08 12:00:00,BULLISH,1.09517,1.09529,1.09523,1.2,31.2
2024-01-10 20:00:00,BULLISH,1.09733,1.09757,1.09745,2.4,3.6
2024-01-15 20:00:00,BEARISH,1.09493,1.09505,1.09499,1.2,6.0
2024-01-16 00:00:00,BEARISH,1.0929,1.09481,1.09385,19.1,25.1
2024-01-16 08:00:00,BEARISH,1.09004,1.09123,1.09063,11.9,25.0
2024-01-17 20:00:00,BULLISH,1.08814,1.08849,1.08832,3.6,11.8
2024-01-18 00:00:00,BULLISH,1.08885,1.08909,1.08897,2.4,8.3
2024-01-18 12:00:00,BEARISH,1.08731,1.08802,1.08767,7.1,39.0
2024-01-18 20:00:00,BULLISH,1.08731,1.0879,1.08761,5.9,16.6
2024-01-19 16:00:00,BULLISH,1.08921,1.08944,1.08932,2.4,10.7
2024-01-23 00:00:00,BULLISH,1.08897,1.08944,1.08921,4.7,16.6
2024-01-23 08:00:00,BEARISH,1.08778,1.08944,1.08861,16.6,42.7
2024-01-23 12:00:00,BEARISH,1.08507,1.08637,1.08572,13.0,34.1
2024-01-23 20:00:00,BULLISH,1.08507,1.08542,1.08525,3.5,11.8
2024-01-24 04:00:00,BULLISH,1.08637,1.08672,1.08654,3.5,14.2
2024-01-24 08:00:00,BULLISH,1.08814,1.08909,1.08861,9.5,15.4
2024-01-25 04:00:00,BULLISH,1.08849,1.08861,1.08855,1.2,9.5
2024-01-25 12:00:00,BEARISH,1.08542,1.08861,1.08702,31.9,63.8
2024-01-26 08:00:00,BULLISH,1.08483,1.08589,1.08536,10.6,54.1
2024-01-26 20:00:00,BEARISH,1.08519,1.08578,1.08548,5.9,2.4
2024-01-29 00:00:00,BEARISH,1.0853,1.08554,1.08542,2.4,2.4
2024-01-29 20:00:00,BULLISH,1.08225,1.08331,1.08278,10.6,11.7
2024-01-31 00:00:00,BEARISH,1.08249,1.08413,1.08331,16.4,24.6
2024-01-31 08:00:00,BULLISH,1.08249,1.08366,1.08307,11.7,23.5
2024-02-01 12:00:00,BULLISH,1.08155,1.08331,1.08243,17.6,16.4
2024-02-01 16:00:00,BULLISH,1.08342,1.08707,1.08525,36.5,42.4
2024-02-02 12:00:00,BEARISH,1.08061,1.08778,1.0842,71.7,81.2
2024-02-05 00:00:00,BEARISH,1.07875,1.07898,1.07887,2.3,5.8
2024-02-05 08:00:00,BEARISH,1.07596,1.07759,1.07677,16.2,25.5
2024-02-05 12:00:00,BEARISH,1.07492,1.07504,1.07498,1.2,30.0
2024-02-06 16:00:00,BULLISH,1.07504,1.07527,1.07515,2.3,6.9
2024-02-08 08:00:00,BEARISH,1.07701,1.07793,1.07747,9.3,18.6
2024-02-08 16:00:00,BULLISH,1.07701,1.0777,1.07735,7.0,12.8
2024-02-09 20:00:00,BULLISH,1.07933,1.07945,1.07939,1.2,2.3
2024-02-12 00:00:00,BULLISH,1.07921,1.07933,1.07927,1.2,5.8
2024-02-12 08:00:00,BEARISH,1.07759,1.07933,1.07846,17.4,30.3
2024-02-13 12:00:00,BEARISH,1.07239,1.07619,1.07429,38.1,62.4
2024-02-14 12:00:00,BULLISH,1.07112,1.07239,1.07175,12.6,13.8
2024-02-14 16:00:00,BULLISH,1.07273,1.07285,1.07279,1.2,8.1
2024-02-15 12:00:00,BULLISH,1.07423,1.07585,1.07504,16.2,26.6
2024-02-16 00:00:00,BEARISH,1.07701,1.07712,1.07706,1.2,12.8
2024-02-20 08:00:00,BULLISH,1.0777,1.07991,1.07881,22.1,25.6
2024-02-22 00:00:00,BULLISH,1.0826,1.08284,1.08272,2.3,4.7
2024-02-22 04:00:00,BULLISH,1.08342,1.08483,1.08413,14.1,28.2
2024-02-22 12:00:00,BEARISH,1.08284,1.08483,1.08384,20.0,48.2
2024-02-26 04:00:00,BULLISH,1.08225,1.08307,1.08266,8.2,12.9
2024-02-26 08:00:00,BULLISH,1.08389,1.08425,1.08407,3.5,20.0
2024-02-28 00:00:00,BEARISH,1.08389,1.08448,1.08419,5.9,7.1
2024-02-28 04:00:00,BEARISH,1.0826,1.08354,1.08307,9.4,11.7
2024-02-28 12:00:00,BULLISH,1.0826,1.08354,1.08307,9.4,16.4
2024-02-29 12:00:00,BEARISH,1.08249,1.08331,1.0829,8.2,11.7
2024-02-29 16:00:00,BEARISH,1.0812,1.08225,1.08172,10.5,18.7
2024-03-01 12:00:00,BULLISH,1.08225,1.0826,1.08243,3.5,18.8
2024-03-04 00:00:00,BULLISH,1.08436,1.0846,1.08448,2.4,2.4
2024-03-06 04:00:00,BULLISH,1.08589,1.08625,1.08607,3.5,11.8
2024-03-06 08:00:00,BULLISH,1.08684,1.08707,1.08696,2.4,15.4
2024-03-06 12:00:00,BULLISH,1.08826,1.08968,1.08897,14.2,30.9
2024-03-07 12:00:00,BULLISH,1.09051,1.09278,1.09164,22.6,34.6
2024-03-07 16:00:00,BULLISH,1.09325,1.09457,1.09391,13.2,16.8
2024-03-08 04:00:00,BEARISH,1.09421,1.09481,1.09451,6.0,14.4
2024-03-11 12:00:00,BEARISH,1.09325,1.09361,1.09343,3.6,14.4
2024-03-12 00:00:00,BULLISH,1.09337,1.09349,1.09343,1.2,6.0
2024-03-14 00:00:00,BEARISH,1.09457,1.09493,1.09475,3.6,10.8
2024-03-14 12:00:00,BEARISH,1.08956,1.09385,1.09171,42.9,53.6
2024-03-18 12:00:00,BEARISH,1.08873,1.08944,1.08909,7.1,16.6
2024-03-18 16:00:00,BEARISH,1.08767,1.08838,1.08802,7.1,15.4
2024-03-19 04:00:00,BEARISH,1.08589,1.08696,1.08643,10.6,20.1
2024-03-20 08:00:00,BEARISH,1.08589,1.08684,1.08637,9.4,22.4
2024-03-20 16:00:00,BULLISH,1.08589,1.09218,1.08904,62.9,67.6
2024-03-20 20:00:00,BULLISH,1.09254,1.09337,1.09296,8.4,17.9
2024-03-21 04:00:00,BEARISH,1.09314,1.09337,1.09325,2.4,7.2
2024-03-21 08:00:00,BEARISH,1.09194,1.0929,1.09242,9.5,16.7
2024-03-21 12:00:00,BEARISH,1.08696,1.08921,1.08808,22.5,47.4
2024-03-22 00:00:00,BEARISH,1.08448,1.08589,1.08519,14.1,24.7
2024-03-22 04:00:00,BEARISH,1.08307,1.08401,1.08354,9.4,14.1
2024-03-25 08:00:00,BULLISH,1.0826,1.08319,1.0829,5.9,15.2
2024-03-25 12:00:00,BULLISH,1.08331,1.08366,1.08348,3.5,8.2
2024-03-26 12:00:00,BEARISH,1.08389,1.08425,1.08407,3.5,31.8
2024-03-27 08:00:00,BEARISH,1.08249,1.0826,1.08254,1.2,8.2
2024-03-28 04:00:00,BEARISH,1.0805,1.08108,1.08079,5.8,19.9
2024-03-29 00:00:00,BEARISH,1.0784,1.07887,1.07863,4.7,17.4
2024-03-29 08:00:00,BULLISH,1.0784,1.07875,1.07857,3.5,19.8
2024-04-01 12:00:00,BEARISH,1.07481,1.07828,1.07655,34.8,38.2
2024-04-02 00:00:00,BEARISH,1.07388,1.074,1.07394,1.2,3.5
2024-04-02 08:00:00,BULLISH,1.07388,1.07469,1.07429,8.1,17.3
2024-04-02 12:00:00,BULLISH,1.07481,1.07654,1.07567,17.4,20.8
2024-04-03 12:00:00,BULLISH,1.07805,1.08237,1.08021,43.2,46.7
2024-04-03 16:00:00,BULLISH,1.08272,1.08319,1.08295,4.7,11.7
2024-04-04 00:00:00,BULLISH,1.08413,1.08425,1.08419,1.2,5.9
2024-04-04 08:00:00,BULLISH,1.08495,1.08542,1.08519,4.7,21.2
2024-04-04 16:00:00,BEARISH,1.0853,1.08542,1.08536,1.2,17.7
2024-04-04 20:00:00,BEARISH,1.0846,1.08507,1.08483,4.7,14.1
2024-04-08 12:00:00,BULLISH,1.08401,1.08495,1.08448,9.4,20.0
2024-04-10 12:00:00,BEARISH,1.07573,1.08542,1.08058,96.9,109.9
2024-04-12 04:00:00,BEARISH,1.06895,1.07262,1.07078,36.7,44.7
2024-04-12 08:00:00,BEARISH,1.0661,1.06849,1.06729,23.9,37.6
2024-04-15 00:00:00,BULLISH,1.06474,1.06496,1.06485,2.3,1.1
2024-04-15 12:00:00,BEARISH,1.06496,1.06542,1.06519,4.5,31.7
2024-04-16 08:00:00,BULLISH,1.06236,1.06281,1.06259,4.5,14.7
2024-04-17 16:00:00,BULLISH,1.06542,1.06678,1.0661,13.6,34.1
2024-04-18 12:00:00,BEARISH,1.06678,1.06735,1.06707,5.7,22.8
2024-04-22 00:00:00,BULLISH,1.0661,1.06633,1.06621,2.3,5.7
2024-04-22 08:00:00,BEARISH,1.0653,1.06633,1.06581,10.2,14.8
2024-04-24 04:00:00,BEARISH,1.06986,1.07032,1.07009,4.6,17.2
2024-04-25 04:00:00,BULLISH,1.07124,1.07147,1.07135,2.3,14.9
2024-04-26 12:00:00,BEARISH,1.07089,1.07296,1.07193,20.7,51.6
2024-04-29 00:00:00,BULLISH,1.07089,1.07181,1.07135,9.2,16.1
2024-04-30 00:00:00,BEARISH,1.07112,1.07181,1.07147,6.9,11.5
2024-04-30 16:00:00,BEARISH,1.06838,1.06918,1.06878,8.0,14.8
2024-04-30 20:00:00,BEARISH,1.06701,1.06781,1.06741,8.0,9.1
2024-05-01 00:00:00,BEARISH,1.06621,1.06678,1.0665,5.7,9.1
2024-05-01 08:00:00,BULLISH,1.06621,1.06701,1.06661,8.0,17.1
2024-05-02 08:00:00,BEARISH,1.07147,1.07158,1.07152,1.1,12.6
2024-05-02 16:00:00,BULLISH,1.07147,1.07262,1.07204,11.5,41.3
2024-05-03 08:00:00,BULLISH,1.07411,1.07469,1.0744,5.8,13.8
2024-05-03 12:00:00,BULLISH,1.07515,1.07619,1.07567,10.4,23.1
2024-05-06 08:00:00,BULLISH,1.07701,1.07724,1.07712,2.3,9.3
2024-05-07 16:00:00,BEARISH,1.07631,1.07666,1.07648,3.5,26.7
2024-05-08 00:00:00,BEARISH,1.07515,1.07527,1.07521,1.2,9.2
2024-05-09 04:00:00,BEARISH,1.07434,1.07446,1.0744,1.2,10.4
2024-05-09 12:00:00,BULLISH,1.07434,1.07724,1.07579,28.9,42.8
2024-05-13 08:00:00,BULLISH,1.07782,1.0784,1.07811,5.8,10.5
2024-05-14 12:00:00,BULLISH,1.08015,1.08167,1.08091,15.2,26.9
2024-05-15 12:00:00,BULLISH,1.08378,1.08589,1.08484,21.2,31.7
2024-05-15 16:00:00,BULLISH,1.08684,1.08814,1.08749,13.0,20.1
2024-05-15 20:00:00,BULLISH,1.08838,1.08849,1.08844,1.2,10.7
2024-05-16 08:00:00,BEARISH,1.08767,1.08778,1.08773,1.2,4.7
2024-05-20 08:00:00,BEARISH,1.08743,1.08767,1.08755,2.4,5.9
2024-05-22 08:00:00,BEARISH,1.08436,1.08554,1.08495,11.8,23.6
2024-05-23 16:00:00,BEARISH,1.08225,1.08272,1.08249,4.7,19.9
2024-05-24 08:00:00,BULLISH,1.08202,1.08378,1.0829,17.6,25.8
2024-05-24 12:00:00,BULLISH,1.08472,1.08495,1.08483,2.4,7.1
2024-05-28 00:00:00,BULLISH,1.08637,1.08755,1.08696,11.8,15.4
2024-05-29 12:00:00,BEARISH,1.08202,1.08331,1.08266,12.9,32.9
2024-05-29 16:00:00,BEARISH,1.08096,1.08155,1.08126,5.8,8.2
2024-05-29 20:00:00,BEARISH,1.08073,1.08085,1.08079,1.2,4.7
2024-05-30 00:00:00,BEARISH,1.08015,1.08026,1.08021,1.2,3.5
2024-05-30 08:00:00,BULLISH,1.08015,1.08167,1.08091,15.2,22.2
2024-05-30 12:00:00,BULLISH,1.08225,1.08389,1.08307,16.4,23.5
2024-05-30 20:00:00,BEARISH,1.08366,1.08389,1.08378,2.3,2.3
2024-05-31 00:00:00,BEARISH,1.08284,1.08295,1.0829,1.2,21.1
2024-05-31 08:00:00,BULLISH,1.08284,1.08519,1.08401,23.5,25.9
2024-06-03 12:00:00,BULLISH,1.08613,1.08743,1.08678,13.0,31.8
2024-06-03 16:00:00,BULLISH,1.08849,1.08992,1.08921,14.2,26.1
2024-06-03 20:00:00,BULLISH,1.09004,1.09087,1.09045,8.3,11.9
2024-06-04 04:00:00,BEARISH,1.09016,1.09087,1.09051,7.1,10.7
2024-06-04 08:00:00,BEARISH,1.08849,1.08992,1.08921,14.2,32.0
2024-06-06 00:00:00,BULLISH,1.0879,1.08802,1.08796,1.2,17.8
2024-06-07 12:00:00,BEARISH,1.08155,1.08861,1.08508,70.6,76.6
2024-06-07 16:00:00,BEARISH,1.08096,1.08143,1.0812,4.7,7.0
2024-06-07 20:00:00,BEARISH,1.0784,1.08038,1.07939,19.8,4.7
2024-06-10 00:00:00,BEARISH,1.07712,1.08026,1.07869,31.4,9.3
2024-06-11 08:00:00,BEARISH,1.07434,1.07677,1.07556,24.3,28.9
2024-06-12 08:00:00,BULLISH,1.07492,1.07608,1.0755,11.6,15.0
2024-06-12 12:00:00,BULLISH,1.07631,1.08131,1.07881,50.0,89.9
2024-06-13 12:00:00,BEARISH,1.07747,1.07968,1.07858,22.1,23.3
2024-06-13 16:00:00,BEARISH,1.07458,1.07666,1.07562,20.8,32.4
2024-06-14 04:00:00,BEARISH,1.07285,1.07388,1.07336,10.4,18.4
2024-06-14 08:00:00,BEARISH,1.07078,1.07193,1.07135,11.5,26.4
2024-06-17 08:00:00,BULLISH,1.07089,1.07101,1.07095,1.1,12.6
2024-06-17 12:00:00,BULLISH,1.0717,1.07181,1.07175,1.1,8.0
2024-06-17 16:00:00,BULLISH,1.07227,1.07331,1.07279,10.4,19.6
2024-06-19 08:00:00,BULLISH,1.07434,1.07446,1.0744,1.2,17.3
2024-06-20 04:00:00,BEARISH,1.07377,1.07423,1.074,4.6,6.9
2024-06-20 16:00:00,BEARISH,1.07135,1.0717,1.07152,3.4,10.3
2024-06-21 08:00:00,BEARISH,1.07009,1.07124,1.07066,11.5,28.6
2024-06-24 04:00:00,BULLISH,1.06986,1.07055,1.07021,6.9,12.6
2024-06-24 08:00:00,BULLISH,1.07101,1.07296,1.07198,19.5,26.4
2024-06-25 08:00:00,BEARISH,1.07273,1.07342,1.07308,6.9,8.1
2024-06-25 12:00:00,BEARISH,1.07204,1.07239,1.07221,3.4,24.1
2024-06-26 04:00:00,BEARISH,1.07021,1.07089,1.07055,6.9,14.9
2024-06-27 00:00:00,BULLISH,1.06872,1.06918,1.06895,4.6,8.0
2024-06-28 00:00:00,BEARISH,1.07009,1.07043,1.07026,3.4,11.5
2024-06-28 20:00:00,BULLISH,1.07273,1.07377,1.07325,10.4,2.3
2024-07-01 00:00:00,BULLISH,1.0717,1.0755,1.0736,38.0,18.5
2024-07-01 12:00:00,BEARISH,1.07365,1.07515,1.0744,15.0,18.5
2024-07-02 04:00:00,BEARISH,1.07308,1.07354,1.07331,4.6,9.2
2024-07-02 12:00:00,BULLISH,1.07308,1.07342,1.07325,3.5,26.5
2024-07-03 08:00:00,BULLISH,1.07515,1.07585,1.0755,6.9,9.3
2024-07-03 12:00:00,BULLISH,1.07666,1.07805,1.07735,13.9,46.5
2024-07-04 08:00:00,BULLISH,1.07956,1.0798,1.07968,2.3,7.0
2024-07-04 12:00:00,BULLISH,1.08061,1.08108,1.08085,4.7,7.0
2024-07-04 16:00:00,BULLISH,1.0812,1.08131,1.08126,1.2,4.7
2024-07-05 00:00:00,BULLISH,1.08178,1.08213,1.08196,3.5,7.0
2024-07-08 00:00:00,BEARISH,1.08389,1.08401,1.08395,1.2,2.3
2024-07-10 20:00:00,BULLISH,1.08319,1.08342,1.08331,2.3,7.0
2024-07-11 08:00:00,BULLISH,1.08425,1.08483,1.08454,5.9,15.3
2024-07-11 12:00:00,BULLISH,1.08554,1.08637,1.08595,8.3,30.7
2024-07-12 08:00:00,BULLISH,1.08755,1.08802,1.08778,4.7,24.9
2024-07-12 12:00:00,BULLISH,1.08944,1.09039,1.08992,9.5,17.8
2024-07-12 20:00:00,BEARISH,1.08944,1.09039,1.08992,9.5,1.2
2024-07-15 00:00:00,BEARISH,1.08992,1.09063,1.09027,7.1,3.6
2024-07-15 08:00:00,BULLISH,1.08992,1.09051,1.09022,5.9,19.0
2024-07-15 16:00:00,BEARISH,1.09039,1.09051,1.09045,1.2,17.9
2024-07-17 08:00:00,BULLISH,1.09099,1.09325,1.09212,22.7,32.2
2024-07-18 12:00:00,BEARISH,1.09194,1.0929,1.09242,9.5,17.9
2024-07-18 16:00:00,BEARISH,1.09039,1.09087,1.09063,4.8,16.7
2024-07-19 00:00:00,BEARISH,1.08956,1.08968,1.08962,1.2,5.9
2024-07-23 08:00:00,BEARISH,1.08719,1.08826,1.08773,10.6,23.7
2024-07-29 08:00:00,BEARISH,1.08389,1.08578,1.08483,18.8,22.4
2024-08-01 04:00:00,BEARISH,1.08213,1.08249,1.08231,3.5,10.5
2024-08-02 08:00:00,BULLISH,1.08108,1.08284,1.08196,17.6,31.6
2024-08-02 12:00:00,BULLISH,1.08272,1.09075,1.08674,80.3,97.0
2024-08-05 08:00:00,BULLISH,1.09421,1.09469,1.09445,4.8,41.8
2024-08-06 04:00:00,BEARISH,1.09433,1.09481,1.09457,4.8,14.4
2024-08-06 08:00:00,BEARISH,1.09373,1.09385,1.09379,1.2,28.6
2024-08-07 00:00:00,BEARISH,1.09206,1.09266,1.09236,6.0,13.1
2024-08-08 00:00:00,BULLISH,1.09302,1.09325,1.09314,2.4,7.2
2024-08-08 12:00:00,BEARISH,1.09194,1.09242,1.09218,4.8,20.3
2024-08-13 12:00:00,BULLISH,1.09373,1.09517,1.09445,14.4,31.1
2024-08-13 16:00:00,BULLISH,1.09649,1.0989,1.0977,24.1,44.6
2024-08-14 08:00:00,BULLISH,1.10035,1.10084,1.10059,4.8,24.3
2024-08-15 12:00:00,BEARISH,1.09926,1.10072,1.09999,14.5,27.8
2024-08-16 16:00:00,BULLISH,1.10072,1.10217,1.10144,14.6,29.1
2024-08-16 20:00:00,BULLISH,1.10241,1.10266,1.10254,2.4,8.5
2024-08-19 00:00:00,BULLISH,1.10327,1.10339,1.10333,1.2,4.9
2024-08-19 12:00:00,BULLISH,1.10534,1.10632,1.10583,9.8,29.3
2024-08-19 16:00:00,BULLISH,1.10754,1.10828,1.10791,7.4,18.4
2024-08-20 12:00:00,BULLISH,1.10914,1.11049,1.10982,13.5,29.6
2024-08-20 16:00:00,BULLISH,1.11198,1.11222,1.1121,2.5,9.9
2024-08-21 16:00:00,BULLISH,1.11321,1.11508,1.11414,18.6,34.8
2024-08-22 12:00:00,BEARISH,1.1121,1.11309,1.11259,9.9,29.7
2024-08-23 00:00:00,BULLISH,1.11198,1.11235,1.11216,3.7,12.4
2024-08-23 12:00:00,BULLISH,1.11359,1.11682,1.1152,32.3,58.4
2024-08-23 16:00:00,BULLISH,1.11869,1.11894,1.11882,2.5,12.5
2024-08-26 04:00:00,BEARISH,1.11869,1.11894,1.11882,2.5,5.0
2024-08-27 16:00:00,BULLISH,1.11732,1.11844,1.11788,11.2,20.0
2024-08-28 00:00:00,BEARISH,1.11719,1.11844,1.11782,12.5,17.5
2024-08-28 04:00:00,BEARISH,1.1162,1.11694,1.11657,7.5,19.9
2024-08-29 00:00:00,BULLISH,1.11284,1.11297,1.1129,1.2,7.4
2024-08-29 08:00:00,BEARISH,1.11025,1.11297,1.11161,27.2,28.4
2024-08-30 12:00:00,BEARISH,1.10742,1.10779,1.1076,3.7,11.0
2024-09-03 00:00:00,BEARISH,1.10656,1.10705,1.10681,4.9,3.7
2024-09-04 12:00:00,BULLISH,1.10656,1.10693,1.10675,3.7,36.8
2024-09-09 04:00:00,BEARISH,1.10681,1.1084,1.1076,15.9,15.9
2024-09-09 08:00:00,BEARISH,1.10546,1.10644,1.10595,9.8,24.4
2024-09-10 12:00:00,BEARISH,1.10327,1.10351,1.10339,2.4,23.1
2024-09-11 00:00:00,BULLISH,1.10302,1.10351,1.10327,4.9,13.4
2024-09-11 12:00:00,BEARISH,1.10254,1.104,1.10327,14.6,40.2
2024-09-12 12:00:00,BULLISH,1.10266,1.10351,1.10308,8.5,19.5
2024-09-12 16:00:00,BULLISH,1.10497,1.10632,1.10564,13.4,24.4
2024-09-12 20:00:00,BULLISH,1.10656,1.10754,1.10705,9.8,11.0
2024-09-16 00:00:00,BULLISH,1.1084,1.10914,1.10877,7.4,3.7
2024-09-16 04:00:00,BULLISH,1.10951,1.11123,1.11037,17.3,24.7
2024-09-16 08:00:00,BULLISH,1.11185,1.11198,1.11191,1.2,11.1
2024-09-19 04:00:00,BULLISH,1.11247,1.11433,1.1134,18.6,43.3
2024-09-23 08:00:00,BEARISH,1.11458,1.11582,1.1152,12.4,42.2
2024-09-23 20:00:00,BEARISH,1.11161,1.11198,1.11179,3.7,4.9
2024-09-24 04:00:00,BULLISH,1.11161,1.11173,1.11167,1.2,8.6
2024-09-24 08:00:00,BULLISH,1.11222,1.11259,1.11241,3.7,12.4
2024-09-24 16:00:00,BULLISH,1.11657,1.11682,1.11669,2.5,16.2
2024-09-24 20:00:00,BULLISH,1.11707,1.11869,1.11788,16.2,23.8
2024-09-25 12:00:00,BEARISH,1.11769,1.11819,1.11794,5.0,16.3
2024-09-25 16:00:00,BEARISH,1.11383,1.11694,1.11539,31.1,36.1
2024-09-26 00:00:00,BULLISH,1.11383,1.11408,1.11396,2.5,9.9
2024-09-26 12:00:00,BULLISH,1.11607,1.11694,1.11651,8.7,8.7
2024-10-01 08:00:00,BEARISH,1.11025,1.11346,1.11185,32.1,48.2
2024-10-01 12:00:00,BEARISH,1.10803,1.10877,1.1084,7.4,13.5
2024-10-02 12:00:00,BEARISH,1.10571,1.10656,1.10613,8.6,31.8
2024-10-04 12:00:00,BEARISH,1.09757,1.10241,1.09999,48.4,60.5
2024-10-08 00:00:00,BULLISH,1.09818,1.09842,1.0983,2.4,2.4
2024-10-11 20:00:00,BEARISH,1.09314,1.09421,1.09367,10.8,1.2
2024-10-14 00:00:00,BEARISH,1.09337,1.09349,1.09343,1.2,2.4
2024-10-14 12:00:00,BEARISH,1.09194,1.09254,1.09224,6.0,9.5
2024-10-15 16:00:00,BEARISH,1.08992,1.09016,1.09004,2.4,14.3
2024-10-16 16:00:00,BEARISH,1.08743,1.08755,1.08749,1.2,22.5
2024-10-17 12:00:00,BEARISH,1.08425,1.08519,1.08472,9.4,37.7
2024-10-18 00:00:00,BULLISH,1.08378,1.08401,1.08389,2.3,9.4
2024-10-18 12:00:00,BULLISH,1.08507,1.08554,1.08531,4.7,11.8
2024-10-21 04:00:00,BEARISH,1.08613,1.08672,1.08643,5.9,13.0
2024-10-21 12:00:00,BEARISH,1.08378,1.08483,1.0843,10.6,12.9
2024-10-21 16:00:00,BEARISH,1.08213,1.08366,1.0829,15.2,23.4
2024-10-23 08:00:00,BEARISH,1.07852,1.07956,1.07904,10.5,15.1
2024-10-24 16:00:00,BULLISH,1.08131,1.08237,1.08184,10.5,25.7
2024-10-25 16:00:00,BEARISH,1.0805,1.08249,1.08149,19.9,26.9
2024-10-28 04:00:00,BULLISH,1.08038,1.0805,1.08044,1.2,21.0
2024-10-28 08:00:00,BULLISH,1.08085,1.08167,1.08126,8.2,16.4
2024-10-29 16:00:00,BULLISH,1.08143,1.08155,1.08149,1.2,14.0
2024-11-01 04:00:00,BEARISH,1.08719,1.08778,1.08749,5.9,7.1
2024-11-01 16:00:00,BEARISH,1.08436,1.08507,1.08472,7.1,12.9
2024-11-01 20:00:00,BULLISH,1.08578,1.08731,1.08654,15.3,4.7
2024-11-04 00:00:00,BULLISH,1.08436,1.08909,1.08673,47.2,28.5
2024-11-04 16:00:00,BEARISH,1.08861,1.08968,1.08915,10.7,21.4
2024-11-05 04:00:00,BULLISH,1.08826,1.08885,1.08855,5.9,13.0
2024-11-06 00:00:00,BEARISH,1.0798,1.09146,1.08563,116.7,191.4
2024-11-07 04:00:00,BULLISH,1.07446,1.07504,1.07475,5.8,11.6
2024-11-07 12:00:00,BULLISH,1.07735,1.07759,1.07747,2.3,54.7
2024-11-08 12:00:00,BEARISH,1.07527,1.07643,1.07585,11.6,34.8
2024-11-08 16:00:00,BEARISH,1.0725,1.07446,1.07348,19.6,33.4
2024-11-11 04:00:00,BEARISH,1.06963,1.07124,1.07044,16.0,26.4
2024-11-11 08:00:00,BEARISH,1.06667,1.06895,1.06781,22.8,29.7
2024-11-12 00:00:00,BEARISH,1.06485,1.06553,1.06519,6.8,23.8
2024-11-12 04:00:00,BEARISH,1.0636,1.06406,1.06383,4.5,5.7
2024-11-13 12:00:00,BEARISH,1.05943,1.05988,1.05966,4.5,49.6
2024-11-14 00:00:00,BEARISH,1.05574,1.05585,1.0558,1.1,17.8
2024-11-15 04:00:00,BULLISH,1.05485,1.05552,1.05519,6.7,16.7
2024-11-18 16:00:00,BULLISH,1.05775,1.05921,1.05848,14.6,17.9
2024-11-20 04:00:00,BEARISH,1.0582,1.0591,1.05865,9.0,11.2
2024-11-20 08:00:00,BEARISH,1.05697,1.05809,1.05753,11.2,23.5
2024-11-21 12:00:00,BEARISH,1.05152,1.05164,1.05158,1.1,10.0
2024-11-21 16:00:00,BEARISH,1.04888,1.0513,1.05009,24.3,26.5
2024-11-22 08:00:00,BEARISH,1.04373,1.04646,1.0451,27.3,72.1
2024-11-22 20:00:00,BULLISH,1.04275,1.04767,1.04521,49.2,8.7
2024-11-25 00:00:00,BULLISH,1.04232,1.04537,1.04384,30.5,1.1
2024-11-27 04:00:00,BULLISH,1.04976,1.04987,1.04981,1.1,17.6
2024-11-27 08:00:00,BULLISH,1.05064,1.05241,1.05153,17.7,29.8
2024-11-27 12:00:00,BULLISH,1.05407,1.05585,1.05496,17.8,45.7
2024-11-28 00:00:00,BEARISH,1.05608,1.0563,1.05619,2.2,11.2
2024-11-28 20:00:00,BULLISH,1.05597,1.05608,1.05602,1.1,4.5
2024-11-29 00:00:00,BULLISH,1.05652,1.05686,1.05669,3.3,13.4
2024-11-29 16:00:00,BULLISH,1.05708,1.05809,1.05759,10.1,19.0
2024-12-02 00:00:00,BEARISH,1.05396,1.05809,1.05603,41.3,21.1
2024-12-05 00:00:00,BULLISH,1.05197,1.05208,1.05202,1.1,10.0
2024-12-05 12:00:00,BULLISH,1.05485,1.05608,1.05546,12.3,34.5
2024-12-09 16:00:00,BEARISH,1.05597,1.05608,1.05602,1.1,36.9
2024-12-10 08:00:00,BEARISH,1.05363,1.05496,1.0543,13.3,18.9
2024-12-11 04:00:00,BEARISH,1.05141,1.05307,1.05224,16.6,37.6
2024-12-13 08:00:00,BULLISH,1.04679,1.04855,1.04767,17.6,29.6
2024-12-13 20:00:00,BULLISH,1.05075,1.05119,1.05097,4.4,5.5
2024-12-17 04:00:00,BEARISH,1.0502,1.05141,1.05081,12.1,16.6
2024-12-18 16:00:00,BEARISH,1.03831,1.04745,1.04288,91.4,96.8
2024-12-19 04:00:00,BULLISH,1.03928,1.03939,1.03934,1.1,18.4
2024-12-19 12:00:00,BEARISH,1.03864,1.03939,1.03902,7.6,19.4
2024-12-19 16:00:00,BEARISH,1.03713,1.03799,1.03756,8.6,18.3
2024-12-20 04:00:00,BULLISH,1.03702,1.03788,1.03745,8.6,22.6
2024-12-20 08:00:00,BULLISH,1.03875,1.03896,1.03885,2.2,10.8
2024-12-20 16:00:00,BULLISH,1.0421,1.04264,1.04237,5.4,47.8
2024-12-23 04:00:00,BEARISH,1.04221,1.04297,1.04259,7.6,26.1
2024-12-23 08:00:00,BEARISH,1.04112,1.04145,1.04129,3.3,15.2
2024-12-24 00:00:00,BEARISH,1.04004,1.04047,1.04026,4.3,13.0
2024-12-25 20:00:00,BEARISH,1.04069,1.04102,1.04085,3.2,5.4
2024-12-26 12:00:00,BULLISH,1.04058,1.04091,1.04075,3.3,9.8
2024-12-26 16:00:00,BULLISH,1.04178,1.04199,1.04188,2.2,9.8
2024-12-30 12:00:00,BEARISH,1.04091,1.04134,1.04112,4.3,68.4
2024-12-31 12:00:00,BEARISH,1.03648,1.04091,1.0387,44.2,59.3
2025-01-02 00:00:00,BULLISH,1.03627,1.03638,1.03632,1.1,20.4
2025-01-02 08:00:00,BEARISH,1.0337,1.03638,1.03504,26.8,34.3
2025-01-02 12:00:00,BEARISH,1.02785,1.03189,1.02987,40.3,58.4
2025-01-02 16:00:00,BEARISH,1.02722,1.02775,1.02749,5.3,25.3
2025-01-06 04:00:00,BULLISH,1.0321,1.03295,1.03252,8.5,11.7
2025-01-06 08:00:00,BULLISH,1.03306,1.03605,1.03456,30.0,93.7
2025-01-07 04:00:00,BULLISH,1.0395,1.04069,1.0401,11.9,20.6
2025-01-07 12:00:00,BEARISH,1.0381,1.04069,1.03939,25.9,44.3
2025-01-07 16:00:00,BEARISH,1.03584,1.03605,1.03595,2.1,18.3
2025-01-08 04:00:00,BEARISH,1.03413,1.03445,1.03429,3.2,17.1
2025-01-08 08:00:00,BEARISH,1.03114,1.03327,1.03221,21.3,38.3
2025-01-10 12:00:00,BEARISH,1.02533,1.02955,1.02744,42.2,50.7
2025-01-13 00:00:00,BEARISH,1.0227,1.02396,1.02333,12.6,29.3
2025-01-13 20:00:00,BULLISH,1.02239,1.02417,1.02328,17.8,56.6
2025-01-14 12:00:00,BULLISH,1.02754,1.02817,1.02785,6.3,39.1
2025-01-14 16:00:00,BULLISH,1.02965,1.02997,1.02981,3.2,4.2
2025-01-20 00:00:00,BULLISH,1.02838,1.03029,1.02934,19.1,23.3
2025-01-20 12:00:00,BULLISH,1.03284,1.03573,1.03429,28.9,74.1
2025-01-21 00:00:00,BEARISH,1.04004,1.04102,1.04053,9.7,33.6
2025-01-21 12:00:00,BULLISH,1.03756,1.04015,1.03885,25.9,48.5
2025-01-24 00:00:00,BULLISH,1.04319,1.0446,1.0439,14.2,32.7
2025-01-24 04:00:00,BULLISH,1.04559,1.04624,1.04592,6.6,15.3
2025-01-24 20:00:00,BEARISH,1.04811,1.04954,1.04882,14.3,3.3
2025-01-27 00:00:00,BEARISH,1.04734,1.0491,1.04822,17.6,0.0
2025-01-27 08:00:00,BULLISH,1.04734,1.04965,1.04849,23.1,53.9
2025-01-27 20:00:00,BEARISH,1.04581,1.04844,1.04712,26.3,47.1
2025-01-30 20:00:00,BEARISH,1.04047,1.04134,1.04091,8.7,31.5
2025-01-31 20:00:00,BEARISH,1.02669,1.03681,1.03175,101.1,15.1
2025-02-03 00:00:00,BEARISH,1.02543,1.03541,1.03042,99.8,23.0
2025-02-03 12:00:00,BULLISH,1.02575,1.02775,1.02675,20.0,61.4
2025-02-04 08:00:00,BULLISH,1.03199,1.03231,1.03215,3.2,7.5
2025-02-04 12:00:00,BULLISH,1.0352,1.03702,1.03611,18.3,56.8
2025-02-05 04:00:00,BULLISH,1.03885,1.03928,1.03907,4.3,22.7
2025-02-05 20:00:00,BEARISH,1.04069,1.0408,1.04075,1.1,5.4
2025-02-06 00:00:00,BEARISH,1.03961,1.04004,1.03983,4.3,8.7
2025-02-06 04:00:00,BEARISH,1.03831,1.03928,1.0388,9.7,10.8
2025-02-06 08:00:00,BEARISH,1.03788,1.0381,1.03799,2.2,15.1
2025-02-06 16:00:00,BULLISH,1.03788,1.03842,1.03815,5.4,15.1
2025-02-07 12:00:00,BEARISH,1.03573,1.03799,1.03686,22.6,28.0
2025-02-11 08:00:00,BULLISH,1.03135,1.03199,1.03167,6.4,17.0
2025-02-11 12:00:00,BULLISH,1.03274,1.03423,1.03349,15.0,18.2
2025-02-11 16:00:00,BULLISH,1.03455,1.03605,1.0353,15.0,19.3
2025-02-12 16:00:00,BULLISH,1.03821,1.03842,1.03831,2.2,16.2
2025-02-13 00:00:00,BULLISH,1.04004,1.0421,1.04107,20.6,26.0
2025-02-13 20:00:00,BULLISH,1.04471,1.0457,1.04521,9.8,24.0
2025-02-14 12:00:00,BULLISH,1.0491,1.04976,1.04943,6.6,42.9
2025-02-18 00:00:00,BEARISH,1.04712,1.04778,1.04745,6.6,22.0
2025-02-19 08:00:00,BEARISH,1.04428,1.04515,1.04471,8.7,27.3
2025-02-20 08:00:00,BULLISH,1.04362,1.04373,1.04368,1.1,5.4
2025-02-20 12:00:00,BULLISH,1.04493,1.04679,1.04586,18.6,35.0
2025-02-20 16:00:00,BULLISH,1.04778,1.04987,1.04882,20.9,28.6
2025-02-21 20:00:00,BULLISH,1.04701,1.04756,1.04729,5.5,1.1
2025-02-24 00:00:00,BULLISH,1.04668,1.04899,1.04783,23.1,46.3
2025-02-24 08:00:00,BEARISH,1.04778,1.04899,1.04838,12.1,20.9
2025-02-25 08:00:00,BULLISH,1.04822,1.0491,1.04866,8.8,27.4
2025-02-26 00:00:00,BEARISH,1.05075,1.05119,1.05097,4.4,15.5
2025-02-27 12:00:00,BEARISH,1.04199,1.04734,1.04467,53.5,63.3
2025-02-27 16:00:00,BEARISH,1.04112,1.04123,1.04118,1.1,11.9
2025-02-28 16:00:00,BEARISH,1.0381,1.04004,1.03907,19.4,31.3
2025-03-03 00:00:00,BULLISH,1.0381,1.04047,1.03929,23.8,7.6
2025-03-03 08:00:00,BULLISH,1.04232,1.0457,1.04401,33.8,49.0
2025-03-03 12:00:00,BULLISH,1.04592,1.04767,1.04679,17.5,29.6
2025-03-04 16:00:00,BULLISH,1.05619,1.06067,1.05843,44.8,74.8
2025-03-04 20:00:00,BULLISH,1.06045,1.06056,1.0605,1.1,19.2
2025-03-05 04:00:00,BULLISH,1.06281,1.06633,1.06457,35.1,54.4
2025-03-05 08:00:00,BULLISH,1.06769,1.06838,1.06803,6.8,6.8
2025-03-05 12:00:00,BULLISH,1.07239,1.07654,1.07446,41.6,84.0
2025-03-05 16:00:00,BULLISH,1.0777,1.07887,1.07828,11.6,27.9
2025-03-07 04:00:00,BULLISH,1.08167,1.08307,1.08237,14.1,23.4
2025-03-11 04:00:00,BULLISH,1.08637,1.08861,1.08749,22.5,39.0
2025-03-11 20:00:00,BEARISH,1.09182,1.09218,1.092,3.6,6.0
2025-03-12 00:00:00,BEARISH,1.09111,1.09135,1.09123,2.4,16.7
2025-03-14 08:00:00,BULLISH,1.08542,1.08696,1.08619,15.3,56.7
2025-03-18 16:00:00,BULLISH,1.09361,1.09421,1.09391,6.0,20.3
2025-03-19 00:00:00,BEARISH,1.09409,1.09421,1.09415,1.2,0.0
2025-03-19 04:00:00,BEARISH,1.09135,1.09349,1.09242,21.5,46.5
2025-03-20 04:00:00,BEARISH,1.08873,1.09075,1.08974,20.2,29.7
2025-03-20 08:00:00,BEARISH,1.08566,1.08696,1.08631,13.0,29.5
2025-03-21 00:00:00,BEARISH,1.08448,1.08519,1.08483,7.1,22.4
2025-03-24 12:00:00,BEARISH,1.08155,1.08319,1.08237,16.4,36.3
2025-03-25 16:00:00,BEARISH,1.0798,1.08015,1.07997,3.5,8.2
2025-03-26 16:00:00,BEARISH,1.07608,1.07712,1.0766,10.4,31.3
2025-03-28 12:00:00,BULLISH,1.0798,1.08155,1.08067,17.5,51.3
2025-04-02 12:00:00,BULLISH,1.0812,1.08507,1.08313,38.7,63.3
2025-04-03 04:00:00,BULLISH,1.09266,1.09505,1.09385,23.9,76.8
2025-04-03 08:00:00,BULLISH,1.09926,1.10436,1.10181,51.0,58.3
2025-04-07 12:00:00,BEARISH,1.09517,1.09529,1.09523,1.2,33.5
2025-04-08 00:00:00,BULLISH,1.09469,1.09589,1.09529,12.0,53.9
2025-04-08 20:00:00,BULLISH,1.09685,1.09697,1.09691,1.2,14.4
2025-04-09 00:00:00,BULLISH,1.09806,1.10169,1.09987,36.3,53.2
2025-04-09 16:00:00,BEARISH,1.09745,1.10314,1.1003,56.9,78.7
2025-04-10 08:00:00,BULLISH,1.09975,1.10717,1.10346,74.3,92.5
2025-04-10 12:00:00,BULLISH,1.10828,1.1162,1.11224,79.2,102.9
2025-04-11 00:00:00,BULLISH,1.12372,1.12524,1.12448,15.2,63.5
2025-04-16 00:00:00,BULLISH,1.1302,1.13289,1.13154,26.9,37.1
2025-04-16 04:00:00,BULLISH,1.13353,1.13456,1.13404,10.3,32.2
2025-04-17 00:00:00,BEARISH,1.1383,1.13856,1.13843,2.6,22.1
2025-04-18 12:00:00,BULLISH,1.13792,1.13908,1.1385,11.7,22.1
2025-04-18 20:00:00,BULLISH,1.13986,1.14377,1.14182,39.1,2.6
2025-04-21 00:00:00,BULLISH,1.14012,1.15062,1.14537,104.9,69.8
2025-04-22 12:00:00,BEARISH,1.14877,1.1489,1.14883,1.3,9.2
2025-04-22 16:00:00,BEARISH,1.14364,1.14613,1.14489,24.9,51.2
2025-04-22 20:00:00,BEARISH,1.14168,1.14273,1.1422,10.4,88.1
2025-04-24 08:00:00,BULLISH,1.13585,1.13623,1.13604,3.9,24.6
2025-04-25 00:00:00,BEARISH,1.13598,1.13817,1.13708,22.0,37.5
2025-04-28 12:00:00,BULLISH,1.13649,1.13753,1.13701,10.3,32.3
2025-04-28 16:00:00,BULLISH,1.14064,1.14155,1.1411,9.1,36.4
2025-04-29 00:00:00,BEARISH,1.14025,1.14155,1.1409,13.0,15.6
2025-05-01 00:00:00,BEARISH,1.13212,1.13225,1.13218,1.3,10.3
2025-05-02 04:00:00,BULLISH,1.13071,1.13212,1.13141,14.1,29.4
2025-05-02 16:00:00,BEARISH,1.13122,1.13161,1.13141,3.8,66.8
2025-05-05 00:00:00,BULLISH,1.13122,1.13225,1.13173,10.2,37.2
2025-05-05 16:00:00,BEARISH,1.13237,1.13366,1.13302,12.8,25.7
2025-05-07 16:00:00,BEARISH,1.13353,1.13572,1.13462,21.9,34.8
2025-05-08 16:00:00,BEARISH,1.1236,1.12816,1.12588,45.6,53.2
2025-05-09 04:00:00,BULLISH,1.12347,1.1241,1.12379,6.3,22.7
2025-05-09 20:00:00,BEARISH,1.12448,1.12562,1.12505,11.4,12.7
2025-05-12 00:00:00,BEARISH,1.12372,1.12499,1.12435,12.6,2.5
2025-05-12 04:00:00,BEARISH,1.11982,1.12271,1.12127,28.9,11.3
2025-05-12 08:00:00,BEARISH,1.11359,1.12171,1.11765,81.2,113.0
2025-05-13 00:00:00,BULLISH,1.11012,1.11025,1.11019,1.2,9.9
2025-05-13 12:00:00,BULLISH,1.11259,1.11607,1.11433,34.8,57.1
2025-05-13 16:00:00,BULLISH,1.11669,1.11869,1.11769,20.0,23.7
2025-05-14 08:00:00,BULLISH,1.12032,1.12057,1.12045,2.5,45.3
2025-05-14 16:00:00,BEARISH,1.11882,1.12057,1.1197,17.6,33.9
2025-05-15 00:00:00,BULLISH,1.11882,1.11894,1.11888,1.3,11.3
2025-05-16 12:00:00,BEARISH,1.1162,1.11919,1.1177,30.0,46.2
2025-05-16 20:00:00,BULLISH,1.1162,1.11782,1.11701,16.2,8.7
2025-05-19 00:00:00,BULLISH,1.11694,1.11807,1.11751,11.2,7.5
2025-05-19 04:00:00,BULLISH,1.1202,1.12108,1.12064,8.8,27.6
2025-05-19 08:00:00,BULLISH,1.12145,1.12461,1.12303,31.5,70.8
2025-05-20 16:00:00,BULLISH,1.12714,1.12765,1.1274,5.1,3.8
2025-05-21 00:00:00,BULLISH,1.12918,1.13237,1.13078,32.0,40.9
2025-05-22 08:00:00,BEARISH,1.13173,1.13237,1.13205,6.4,30.7
2025-05-22 12:00:00,BEARISH,1.12918,1.12943,1.12931,2.5,15.3
2025-05-23 00:00:00,BULLISH,1.12905,1.13122,1.13014,21.7,26.8
2025-05-23 20:00:00,BULLISH,1.13727,1.1374,1.13733,1.3,5.2
2025-05-26 00:00:00,BULLISH,1.13714,1.14051,1.13882,33.7,36.4
2025-05-26 08:00:00,BEARISH,1.13895,1.14051,1.13973,15.6,24.7
2025-05-26 20:00:00,BULLISH,1.13882,1.13908,1.13895,2.6,10.4
2025-05-27 04:00:00,BEARISH,1.13727,1.13908,1.13818,18.1,27.2
2025-05-28 00:00:00,BEARISH,1.13186,1.13302,1.13244,11.5,33.3
2025-05-28 12:00:00,BEARISH,1.13109,1.13122,1.13116,1.3,23.1
2025-05-28 16:00:00,BEARISH,1.13007,1.1302,1.13014,1.3,7.7
2025-05-29 00:00:00,BEARISH,1.12765,1.12918,1.12841,15.3,43.2
2025-05-29 12:00:00,BULLISH,1.12931,1.13533,1.13232,60.3,64.1
2025-05-29 16:00:00,BULLISH,1.13636,1.13649,1.13643,1.3,24.5
2025-05-30 00:00:00,BEARISH,1.13598,1.13649,1.13623,5.2,22.0
2025-05-30 04:00:00,BEARISH,1.13482,1.1352,1.13501,3.9,3.9
2025-06-02 04:00:00,BULLISH,1.13843,1.14038,1.13941,19.5,37.6
2025-06-03 00:00:00,BEARISH,1.14338,1.14351,1.14345,1.3,19.6
2025-06-03 08:00:00,BEARISH,1.14012,1.14168,1.1409,15.6,31.3
2025-06-03 12:00:00,BEARISH,1.1396,1.14012,1.13986,5.2,6.5
2025-06-04 12:00:00,BULLISH,1.14064,1.14207,1.14136,14.3,49.5
2025-06-06 12:00:00,BEARISH,1.14038,1.14142,1.1409,10.4,35.1
2025-06-09 00:00:00,BULLISH,1.14038,1.14142,1.1409,10.4,10.4
2025-06-10 08:00:00,BULLISH,1.14181,1.14233,1.14207,5.2,26.1
2025-06-11 08:00:00,BULLISH,1.1426,1.14312,1.14286,5.2,30.0
2025-06-11 12:00:00,BULLISH,1.14482,1.14797,1.1464,31.5,44.7
2025-06-11 20:00:00,BULLISH,1.15022,1.15048,1.15035,2.6,23.8
2025-06-12 00:00:00,BULLISH,1.15128,1.15141,1.15134,1.3,2.7
2025-06-12 08:00:00,BULLISH,1.1534,1.15821,1.15581,48.1,74.8
2025-06-13 00:00:00,BEARISH,1.15487,1.15714,1.156,22.7,44.2
2025-06-16 04:00:00,BULLISH,1.155,1.15714,1.15607,21.4,42.7
2025-06-16 20:00:00,BEARISH,1.15647,1.15781,1.15714,13.4,21.4
2025-06-17 12:00:00,BEARISH,1.15433,1.15513,1.15473,8.0,42.7
2025-06-17 16:00:00,BEARISH,1.14916,1.15154,1.15035,23.8,46.3
2025-06-18 00:00:00,BULLISH,1.14916,1.15009,1.14962,9.3,18.5
2025-06-19 20:00:00,BULLISH,1.14903,1.15009,1.14956,10.6,11.9
2025-06-20 00:00:00,BULLISH,1.15048,1.15181,1.15115,13.3,21.2
2025-06-20 20:00:00,BEARISH,1.15101,1.15154,1.15128,5.3,6.6
2025-06-23 12:00:00,BULLISH,1.15181,1.15247,1.15214,6.6,66.1
2025-06-23 16:00:00,BULLISH,1.15407,1.15741,1.15574,33.4,45.4
2025-06-23 20:00:00,BULLISH,1.15808,1.15902,1.15855,9.4,17.5
2025-06-24 00:00:00,BULLISH,1.16036,1.1605,1.16043,1.3,10.8
2025-06-25 12:00:00,BULLISH,1.16144,1.16212,1.16178,6.7,16.2
2025-06-25 16:00:00,BULLISH,1.16266,1.1655,1.16408,28.5,40.7
2025-06-25 20:00:00,BULLISH,1.16645,1.16673,1.16659,2.7,2.7
2025-06-26 00:00:00,BULLISH,1.16686,1.16795,1.16741,10.9,24.6
2025-06-30 16:00:00,BULLISH,1.17523,1.17758,1.1764,23.5,41.5
2025-07-01 20:00:00,BULLISH,1.17869,1.17925,1.17897,5.6,22.3
2025-07-02 04:00:00,BEARISH,1.17869,1.17925,1.17897,5.6,16.7
2025-07-03 12:00:00,BEARISH,1.17689,1.17911,1.178,22.2,41.6
2025-07-04 00:00:00,BULLISH,1.17633,1.17675,1.17654,4.2,5.5
2025-07-07 04:00:00,BEARISH,1.17606,1.17689,1.17647,8.3,12.5
2025-07-07 08:00:00,BEARISH,1.17481,1.1755,1.17516,6.9,30.3
2025-07-09 20:00:00,BULLISH,1.17206,1.17261,1.17233,5.5,12.4
2025-07-10 00:00:00,BULLISH,1.17288,1.17343,1.17316,5.5,13.8
2025-07-10 08:00:00,BEARISH,1.1733,1.17343,1.17336,1.4,2.8
2025-07-10 12:00:00,BEARISH,1.16986,1.17302,1.17144,31.6,49.3
2025-07-11 00:00:00,BEARISH,1.16877,1.16932,1.16904,5.5,34.2
2025-07-14 16:00:00,BEARISH,1.16741,1.16781,1.16761,4.1,10.9
2025-07-15 00:00:00,BULLISH,1.16741,1.16768,1.16754,2.7,8.2
2025-07-15 12:00:00,BEARISH,1.16225,1.16754,1.1649,52.9,65.2
2025-07-15 16:00:00,BEARISH,1.16077,1.16198,1.16137,12.1,14.8
2025-07-16 00:00:00,BULLISH,1.16077,1.16117,1.16097,4.0,5.4
2025-07-16 16:00:00,BULLISH,1.16239,1.16252,1.16245,1.4,33.7
2025-07-17 04:00:00,BEARISH,1.16077,1.16198,1.16137,12.1,35.0
2025-07-17 20:00:00,BULLISH,1.16063,1.16184,1.16124,12.1,32.3
2025-07-18 08:00:00,BULLISH,1.16333,1.16442,1.16387,10.8,17.6
2025-07-18 16:00:00,BEARISH,1.16306,1.16442,1.16374,13.5,24.4
2025-07-21 08:00:00,BULLISH,1.16455,1.16482,1.16469,2.7,4.1
2025-07-21 12:00:00,BULLISH,1.1655,1.16904,1.16727,35.4,51.8
2025-07-22 12:00:00,BULLISH,1.17123,1.17192,1.17158,6.9,20.6
2025-07-22 16:00:00,BULLISH,1.17288,1.17495,1.17392,20.7,26.2
2025-07-23 16:00:00,BULLISH,1.17412,1.17702,1.17557,29.0,40.1
2025-07-25 08:00:00,BEARISH,1.17385,1.17398,1.17392,1.4,24.8
2025-07-25 16:00:00,BULLISH,1.17385,1.17412,1.17398,2.8,15.2
2025-07-25 20:00:00,BULLISH,1.17495,1.17509,1.17502,1.4,4.1
2025-07-28 04:00:00,BEARISH,1.17261,1.17509,1.17385,24.8,31.7
2025-07-28 08:00:00,BEARISH,1.16673,1.17165,1.16919,49.2,61.5
2025-07-28 12:00:00,BEARISH,1.16414,1.16591,1.16503,17.6,20.4
2025-07-28 16:00:00,BEARISH,1.15982,1.1632,1.16151,33.7,41.9
2025-07-30 12:00:00,BEARISH,1.15022,1.15354,1.15188,33.2,58.3
2025-07-30 16:00:00,BEARISH,1.14377,1.14613,1.14495,23.6,48.6
2025-08-01 12:00:00,BULLISH,1.14364,1.15207,1.14786,84.3,142.5
2025-08-05 12:00:00,BULLISH,1.15647,1.15674,1.1566,2.7,22.7
2025-08-05 16:00:00,BULLISH,1.15687,1.15701,1.15694,1.3,8.0
2025-08-06 08:00:00,BULLISH,1.15915,1.16023,1.15969,10.8,28.2
2025-08-06 12:00:00,BULLISH,1.16131,1.16293,1.16212,16.2,23.0
2025-08-06 16:00:00,BULLISH,1.16401,1.16564,1.16482,16.3,35.3
2025-08-07 12:00:00,BEARISH,1.16482,1.16659,1.16571,17.7,47.5
2025-08-07 20:00:00,BULLISH,1.16482,1.16604,1.16543,12.2,48.9
2025-08-11 00:00:00,BULLISH,1.16591,1.16673,1.16632,8.2,19.0
2025-08-11 08:00:00,BEARISH,1.16482,1.16673,1.16577,19.0,16.3
2025-08-11 12:00:00,BEARISH,1.16171,1.16428,1.16299,25.7,47.3
2025-08-12 12:00:00,BULLISH,1.16266,1.16604,1.16435,33.9,48.8
2025-08-12 16:00:00,BULLISH,1.16645,1.16686,1.16666,4.1,10.9
2025-08-13 04:00:00,BULLISH,1.16891,1.16959,1.16925,6.8,12.3
2025-08-14 04:00:00,BEARISH,1.17,1.17027,1.17014,2.7,19.2
2025-08-14 12:00:00,BEARISH,1.16659,1.16713,1.16686,5.4,34.1
2025-08-15 00:00:00,BULLISH,1.16564,1.16604,1.16584,4.1,8.2
2025-08-15 04:00:00,BULLISH,1.16618,1.16754,1.16686,13.6,15.0
2025-08-15 12:00:00,BULLISH,1.16945,1.17027,1.16986,8.2,24.7
2025-08-18 08:00:00,BEARISH,1.16918,1.16973,1.16945,5.5,15.0
2025-08-19 04:00:00,BULLISH,1.16727,1.16754,1.16741,2.7,19.1
2025-08-19 16:00:00,BEARISH,1.16577,1.16673,1.16625,9.5,25.8
2025-08-20 00:00:00,BEARISH,1.16442,1.16469,1.16455,2.7,21.7
2025-08-21 12:00:00,BEARISH,1.16266,1.16293,1.16279,2.7,35.2
2025-08-22 04:00:00,BEARISH,1.16063,1.1609,1.16077,2.7,20.2
2025-08-22 12:00:00,BULLISH,1.16063,1.17178,1.16621,111.5,121.0
2025-08-25 16:00:00,BEARISH,1.16293,1.16918,1.16605,62.5,70.7
2025-08-27 00:00:00,BEARISH,1.1636,1.16374,1.16367,1.4,10.8
2025-08-27 04:00:00,BEARISH,1.16252,1.16293,1.16272,4.1,10.8
2025-08-27 08:00:00,BEARISH,1.16063,1.16158,1.1611,9.4,41.7
2025-08-27 16:00:00,BULLISH,1.16063,1.16333,1.16198,27.0,39.1
2025-08-28 08:00:00,BULLISH,1.16577,1.16632,1.16604,5.4,27.2
2025-08-29 00:00:00,BEARISH,1.16741,1.16768,1.16754,2.7,13.6
2025-08-29 12:00:00,BULLISH,1.16918,1.16973,1.16945,5.5,38.3
2025-09-01 00:00:00,BULLISH,1.17041,1.17082,1.17062,4.1,23.3
2025-09-01 04:00:00,BULLISH,1.17165,1.17192,1.17178,2.7,12.4
2025-09-01 12:00:00,BEARISH,1.17151,1.17192,1.17171,4.1,9.6
2025-09-02 08:00:00,BEARISH,1.1685,1.16918,1.16884,6.8,72.2
2025-09-05 00:00:00,BULLISH,1.16591,1.16686,1.16638,9.5,17.7
2025-09-05 08:00:00,BULLISH,1.16809,1.16822,1.16816,1.4,23.2
2025-09-05 12:00:00,BULLISH,1.17,1.17178,1.17089,17.8,46.7
2025-09-08 04:00:00,BULLISH,1.17206,1.17247,1.17226,4.1,11.0
2025-09-08 16:00:00,BULLISH,1.17592,1.17619,1.17606,2.8,16.6
2025-09-08 20:00:00,BULLISH,1.17661,1.17675,1.17668,1.4,2.8
2025-09-09 12:00:00,BEARISH,1.17343,1.17481,1.17412,13.8,22.1
2025-09-09 16:00:00,BEARISH,1.17192,1.17288,1.1724,9.6,24.7
2025-09-11 12:00:00,BULLISH,1.16986,1.17302,1.17144,31.6,43.9
2025-09-15 08:00:00,BULLISH,1.17385,1.1755,1.17467,16.6,26.2
2025-09-16 00:00:00,BULLISH,1.17758,1.17772,1.17765,1.4,12.5
2025-09-16 04:00:00,BULLISH,1.17799,1.17911,1.17855,11.1,9.7
2025-09-16 08:00:00,BULLISH,1.17938,1.1798,1.17959,4.2,20.9
2025-09-16 12:00:00,BULLISH,1.18217,1.18399,1.18308,18.2,44.8
2025-09-18 12:00:00,BEARISH,1.17966,1.1798,1.17973,1.4,60.0
2025-09-22 08:00:00,BULLISH,1.17509,1.17675,1.17592,16.6,29.1
2025-09-22 16:00:00,BULLISH,1.17911,1.17952,1.17931,4.2,26.4
2025-09-23 16:00:00,BULLISH,1.18078,1.1812,1.18099,4.2,13.9
2025-09-24 00:00:00,BEARISH,1.18078,1.1812,1.18099,4.2,16.7
2025-09-24 04:00:00,BEARISH,1.17966,1.17994,1.1798,2.8,7.0
2025-09-24 08:00:00,BEARISH,1.17606,1.17911,1.17758,30.5,40.2
2025-09-24 12:00:00,BEARISH,1.17481,1.1755,1.17516,6.9,8.3
2025-09-25 12:00:00,BEARISH,1.16863,1.17343,1.17103,48.0,70.0
2025-09-25 16:00:00,BEARISH,1.16727,1.16781,1.16754,5.5,23.1
2025-09-26 00:00:00,BULLISH,1.16727,1.16754,1.16741,2.7,9.5
2025-09-26 12:00:00,BULLISH,1.16904,1.16918,1.16911,1.4,27.3
2025-09-29 00:00:00,BULLISH,1.17096,1.1722,1.17158,12.4,20.6
2025-09-30 04:00:00,BULLISH,1.17357,1.17398,1.17378,4.1,17.9
2025-10-02 04:00:00,BULLISH,1.17454,1.17467,1.17461,1.4,5.5
2025-10-02 12:00:00,BEARISH,1.17247,1.17467,1.17357,22.0,39.9
2025-10-03 08:00:00,BULLISH,1.17316,1.1733,1.17323,1.4,13.8
2025-10-06 00:00:00,BEARISH,1.1733,1.17412,1.17371,8.3,11.0
2025-10-07 00:00:00,BEARISH,1.1711,1.17123,1.17117,1.4,8.2
2025-10-07 04:00:00,BEARISH,1.16918,1.17,1.16959,8.2,16.4
2025-10-07 08:00:00,BEARISH,1.16781,1.16863,1.16822,8.2,15.0
2025-10-08 00:00:00,BEARISH,1.16279,1.16523,1.16401,24.4,36.6
2025-10-08 20:00:00,BULLISH,1.16252,1.1632,1.16286,6.8,13.5
2025-10-09 04:00:00,BEARISH,1.16306,1.1632,1.16313,1.4,28.4
2025-10-09 12:00:00,BEARISH,1.15848,1.16077,1.15962,22.9,37.7
2025-10-09 16:00:00,BEARISH,1.15741,1.15808,1.15774,6.7,34.8
2025-10-10 16:00:00,BULLISH,1.15821,1.1609,1.15956,26.9,30.9
2025-10-13 08:00:00,BEARISH,1.15955,1.16158,1.16056,20.2,32.3
2025-10-13 12:00:00,BEARISH,1.15808,1.15848,1.15828,4.0,24.1
2025-10-14 12:00:00,BULLISH,1.15768,1.15902,1.15835,13.4,42.9
2025-10-14 16:00:00,BULLISH,1.15982,1.16036,1.16009,5.4,9.4
2025-10-15 00:00:00,BULLISH,1.16158,1.16212,1.16185,5.4,20.2
2025-10-15 16:00:00,BULLISH,1.16347,1.16374,1.1636,2.7,8.1
2025-10-16 20:00:00,BULLISH,1.16959,1.16973,1.16966,1.4,5.5
2025-10-17 00:00:00,BULLISH,1.16986,1.17082,1.17034,9.6,12.3
2025-10-17 08:00:00,BEARISH,1.17,1.17082,1.17041,8.2,19.2
2025-10-17 12:00:00,BEARISH,1.16822,1.16918,1.1687,9.6,21.8
2025-10-23 00:00:00,BEARISH,1.16063,1.1609,1.16077,2.7,14.8
2025-10-29 00:00:00,BEARISH,1.16401,1.16523,1.16462,12.2,19.0
2025-10-29 16:00:00,BEARISH,1.16144,1.1632,1.16232,17.6,63.6
2025-10-30 08:00:00,BEARISH,1.16023,1.16144,1.16083,12.1,20.2
2025-10-30 12:00:00,BEARISH,1.15741,1.15996,1.15868,25.5,33.5
2025-10-31 12:00:00,BEARISH,1.15473,1.1562,1.15547,14.7,25.4
2025-11-03 08:00:00,BEARISH,1.15287,1.15354,1.1532,6.6,21.3
2025-11-04 08:00:00,BEARISH,1.14995,1.15115,1.15055,11.9,38.4
2025-11-05 20:00:00,BULLISH,1.14903,1.14969,1.14936,6.6,9.2
2025-11-06 00:00:00,BULLISH,1.14995,1.15075,1.15035,7.9,11.9
2025-11-06 08:00:00,BULLISH,1.15168,1.15181,1.15174,1.3,10.6
2025-11-06 12:00:00,BULLISH,1.1526,1.15354,1.15307,9.3,22.6
2025-11-07 00:00:00,BEARISH,1.1542,1.1546,1.1544,4.0,8.0
2025-11-07 08:00:00,BULLISH,1.1542,1.1558,1.155,16.0,25.3
2025-11-11 08:00:00,BULLISH,1.15687,1.15727,1.15707,4.0,12.0
2025-11-11 12:00:00,BULLISH,1.15808,1.15875,1.15841,6.7,22.8
2025-11-13 04:00:00,BULLISH,1.15955,1.1609,1.16023,13.5,21.5
2025-11-13 12:00:00,BULLISH,1.16374,1.16387,1.16381,1.4,32.4
2025-11-17 00:00:00,BEARISH,1.16184,1.16198,1.16191,1.4,16.2
2025-11-19 12:00:00,BEARISH,1.155,1.15701,1.156,20.0,41.5
2025-11-21 08:00:00,BEARISH,1.15287,1.1538,1.15334,9.3,33.2
2025-11-25 12:00:00,BULLISH,1.1546,1.1554,1.155,8.0,36.0
2025-11-26 12:00:00,BULLISH,1.15835,1.15888,1.15861,5.4,17.4
2025-11-27 04:00:00,BEARISH,1.15996,1.16036,1.16016,4.0,12.1
2025-11-28 00:00:00,BEARISH,1.15942,1.15955,1.15949,1.3,13.4
2025-11-28 04:00:00,BEARISH,1.15835,1.15848,1.15841,1.3,9.4
2025-11-28 12:00:00,BULLISH,1.15835,1.15969,1.15902,13.4,41.6
2025-12-01 08:00:00,BULLISH,1.16158,1.16266,1.16212,10.8,21.6
2025-12-01 16:00:00,BEARISH,1.16144,1.16266,1.16205,12.2,21.6
2025-12-02 20:00:00,BULLISH,1.16279,1.1632,1.16299,4.1,6.8
2025-12-03 00:00:00,BULLISH,1.1632,1.16401,1.1636,8.1,9.5
2025-12-03 08:00:00,BULLISH,1.16564,1.16591,1.16577,2.7,24.5
2025-12-04 16:00:00,BEARISH,1.1655,1.16618,1.16584,6.8,17.7
2025-12-08 00:00:00,BULLISH,1.16496,1.16537,1.16516,4.1,9.5
2025-12-10 16:00:00,BULLISH,1.16537,1.16781,1.16659,24.5,38.1
2025-12-10 20:00:00,BULLISH,1.16836,1.16945,1.16891,10.9,23.2
2025-12-11 08:00:00,BULLISH,1.17027,1.17137,1.17082,11.0,19.2
2025-12-11 12:00:00,BULLISH,1.17206,1.1744,1.17323,23.4,44.1
2025-12-15 00:00:00,BEARISH,1.17412,1.17426,1.17419,1.4,4.1
2025-12-15 08:00:00,BULLISH,1.17412,1.17481,1.17447,6.9,19.3
2025-12-16 08:00:00,BULLISH,1.17578,1.17619,1.17599,4.1,9.7
2025-12-17 00:00:00,BEARISH,1.17426,1.17481,1.17454,5.5,9.7
2025-12-17 04:00:00,BEARISH,1.17302,1.17412,1.17357,11.0,26.1
2025-12-17 12:00:00,BULLISH,1.17302,1.17454,1.17378,15.2,45.4
2025-12-19 04:00:00,BEARISH,1.17206,1.1722,1.17213,1.4,15.1
2025-12-22 04:00:00,BULLISH,1.17233,1.17275,1.17254,4.1,12.4
2025-12-22 08:00:00,BULLISH,1.17343,1.17371,1.17357,2.8,2.8
2025-12-22 12:00:00,BULLISH,1.17412,1.17523,1.17467,11.0,30.4
2025-12-23 00:00:00,BULLISH,1.17689,1.1773,1.17709,4.2,11.1
2025-12-29 20:00:00,BULLISH,1.17716,1.1773,1.17723,1.4,4.2
2026-01-01 20:00:00,BULLISH,1.17495,1.17536,1.17516,4.1,5.5
2026-01-02 04:00:00,BEARISH,1.17398,1.17536,1.17467,13.8,26.3
2026-01-02 20:00:00,BEARISH,1.17137,1.17178,1.17158,4.1,4.1
2026-01-05 00:00:00,BEARISH,1.16959,1.17192,1.17076,23.3,31.5
2026-01-05 12:00:00,BULLISH,1.16973,1.17082,1.17028,11.0,21.9
2026-01-05 16:00:00,BULLISH,1.17069,1.17165,1.17117,9.6,22.0
2026-01-06 08:00:00,BEARISH,1.17206,1.17288,1.17247,8.2,23.4
2026-01-06 12:00:00,BEARISH,1.17055,1.17082,1.17069,2.7,13.7
2026-01-08 12:00:00,BEARISH,1.16713,1.16727,1.1672,1.4,9.5
2026-01-12 00:00:00,BULLISH,1.16414,1.16564,1.16489,14.9,31.2
2026-01-12 04:00:00,BULLISH,1.16741,1.16795,1.16768,5.5,30.0
2026-01-12 16:00:00,BEARISH,1.16754,1.16768,1.16761,1.4,9.5
2026-01-13 12:00:00,BEARISH,1.16577,1.16618,1.16598,4.1,19.0
2026-01-15 12:00:00,BEARISH,1.16212,1.16306,1.16259,9.5,29.7
2026-01-16 12:00:00,BEARISH,1.1609,1.16117,1.16104,2.7,25.6
2026-01-16 20:00:00,BULLISH,1.1609,1.16117,1.16104,2.7,4.0
2026-01-19 00:00:00,BULLISH,1.16063,1.16266,1.16164,20.2,0.0
2026-01-19 12:00:00,BULLISH,1.16333,1.16414,1.16374,8.1,12.2
2026-01-20 00:00:00,BULLISH,1.16564,1.16591,1.16577,2.7,17.6
2026-01-20 04:00:00,BULLISH,1.16618,1.16918,1.16768,30.0,34.1
2026-01-20 08:00:00,BULLISH,1.16973,1.17206,1.17089,23.3,45.3
2026-01-21 16:00:00,BEARISH,1.16945,1.17041,1.16993,9.6,13.7
2026-01-22 08:00:00,BULLISH,1.17,1.17041,1.17021,4.1,13.7
2026-01-22 12:00:00,BULLISH,1.17082,1.17371,1.17227,28.9,31.6
2026-01-22 16:00:00,BULLISH,1.17371,1.17454,1.17412,8.3,11.0
2026-01-23 12:00:00,BULLISH,1.17481,1.17509,1.17495,2.8,20.7
2026-01-23 16:00:00,BULLISH,1.17633,1.18147,1.1789,51.4,55.6
2026-01-23 20:00:00,BULLISH,1.18175,1.18483,1.18329,30.8,7.0
2026-01-26 00:00:00,BULLISH,1.18357,1.18427,1.18392,7.0,8.4
2026-01-26 12:00:00,BULLISH,1.18708,1.18737,1.18723,2.8,40.9
2026-01-27 08:00:00,BULLISH,1.1885,1.18977,1.18913,12.7,31.1
2026-01-27 12:00:00,BULLISH,1.19005,1.1956,1.19283,55.5,54.0
2026-01-27 16:00:00,BULLISH,1.19746,1.19789,1.19768,4.3,24.3
2026-01-28 12:00:00,BEARISH,1.19546,1.1966,1.19603,11.4,27.2
2026-01-28 20:00:00,BULLISH,1.19546,1.19589,1.19567,4.3,32.9
2026-01-30 00:00:00,BEARISH,1.19446,1.19503,1.19474,5.7,45.7
2026-01-30 12:00:00,BEARISH,1.19005,1.19033,1.19019,2.8,55.5
2026-01-30 16:00:00,BEARISH,1.18708,1.18892,1.188,18.3,28.3
2026-02-02 12:00:00,BEARISH,1.18161,1.18483,1.18322,32.2,70.0
2026-02-03 00:00:00,BULLISH,1.18022,1.18092,1.18057,7.0,13.9
2026-02-06 12:00:00,BULLISH,1.18036,1.18147,1.18092,11.2,29.3
2026-02-09 04:00:00,BULLISH,1.18357,1.18554,1.18455,19.6,36.5
2026-02-09 08:00:00,BULLISH,1.18638,1.18737,1.18687,9.9,12.7
2026-02-09 12:00:00,BULLISH,1.18751,1.18977,1.18864,22.6,39.6
2026-02-11 00:00:00,BULLISH,1.19062,1.19104,1.19083,4.3,21.3
2026-02-11 12:00:00,BEARISH,1.18963,1.19104,1.19033,14.2,49.5
2026-02-16 12:00:00,BEARISH,1.18596,1.1861,1.18603,1.4,7.0
2026-02-17 16:00:00,BULLISH,1.18385,1.18511,1.18448,12.6,36.4
2026-02-18 00:00:00,BEARISH,1.18497,1.18511,1.18504,1.4,11.2
2026-02-18 12:00:00,BEARISH,1.18287,1.18329,1.18308,4.2,12.6
2026-02-18 16:00:00,BEARISH,1.17952,1.18161,1.18057,20.9,33.5
2026-02-19 08:00:00,BEARISH,1.17841,1.17883,1.17862,4.2,19.5
2026-02-19 12:00:00,BEARISH,1.17772,1.17813,1.17793,4.2,16.6
2026-02-20 00:00:00,BEARISH,1.17661,1.17675,1.17668,1.4,11.1
2026-02-20 20:00:00,BULLISH,1.18008,1.18217,1.18113,20.9,2.8
2026-02-23 00:00:00,BULLISH,1.17952,1.18189,1.18071,23.7,8.4
2026-02-23 08:00:00,BEARISH,1.18133,1.18189,1.18161,5.6,37.6
2026-02-25 00:00:00,BULLISH,1.17869,1.17925,1.17897,5.6,15.3
2026-02-25 16:00:00,BULLISH,1.18036,1.18064,1.1805,2.8,5.6
2026-02-27 20:00:00,BEARISH,1.17994,1.18106,1.1805,11.1,5.6
2026-03-02 00:00:00,BEARISH,1.17938,1.18147,1.18043,20.9,30.5
2026-03-02 04:00:00,BEARISH,1.17495,1.17619,1.17557,12.4,73.2
2026-03-03 04:00:00,BEARISH,1.16469,1.16904,1.16687,43.6,46.3
2026-03-03 08:00:00,BEARISH,1.16184,1.16482,1.16333,29.8,47.3
2026-03-05 00:00:00,BEARISH,1.16198,1.16333,1.16266,13.5,21.6
2026-03-05 20:00:00,BULLISH,1.15955,1.16077,1.16016,12.1,35.0
2026-03-06 08:00:00,BEARISH,1.15942,1.16063,1.16003,12.1,51.1
2026-03-06 16:00:00,BULLISH,1.15942,1.15996,1.15969,5.4,22.9
2026-03-06 20:00:00,BEARISH,1.1534,1.15835,1.15587,49.4,14.8
2026-03-09 00:00:00,BEARISH,1.15741,1.15996,1.15868,25.5,6.6
2026-03-09 12:00:00,BULLISH,1.15741,1.15794,1.15768,5.4,30.8
2026-03-09 16:00:00,BULLISH,1.15969,1.16158,1.16063,18.9,14.8
2026-03-10 16:00:00,BEARISH,1.16198,1.16252,1.16225,5.4,31.1
2026-03-11 08:00:00,BEARISH,1.16131,1.16184,1.16158,5.4,18.9
2026-03-11 12:00:00,BEARISH,1.15794,1.15942,1.15868,14.8,28.2
2026-03-11 20:00:00,BEARISH,1.1558,1.15674,1.15627,9.4,29.4
2026-03-12 12:00:00,BEARISH,1.1534,1.15473,1.15407,13.3,34.6
2026-03-13 04:00:00,BEARISH,1.14745,1.15088,1.14916,34.3,51.5
2026-03-13 16:00:00,BEARISH,1.1426,1.1439,1.14325,13.1,19.6
2026-03-16 08:00:00,BULLISH,1.14548,1.14758,1.14653,21.0,49.9
2026-03-17 08:00:00,BULLISH,1.15035,1.15075,1.15055,4.0,11.9
2026-03-18 16:00:00,BEARISH,1.14758,1.14969,1.14863,21.1,43.6
2026-03-19 12:00:00,BULLISH,1.1489,1.15181,1.15035,29.1,35.7
2026-03-19 16:00:00,BULLISH,1.1542,1.15794,1.15607,37.4,72.1
2026-03-20 00:00:00,BEARISH,1.15781,1.15794,1.15788,1.3,18.7
2026-03-23 00:00:00,BEARISH,1.15553,1.15634,1.15594,8.0,14.7
2026-03-24 20:00:00,BULLISH,1.15955,1.1605,1.16003,9.4,28.3
2026-03-25 12:00:00,BEARISH,1.15848,1.15955,1.15902,10.7,37.6
2026-03-30 08:00:00,BEARISH,1.14995,1.15128,1.15062,13.2,22.5
2026-03-30 12:00:00,BEARISH,1.14692,1.1489,1.14791,19.8,25.0
2026-03-31 12:00:00,BULLISH,1.14784,1.15154,1.14969,37.0,62.1
2026-03-31 16:00:00,BULLISH,1.1542,1.15433,1.15427,1.3,25.3
2026-04-01 08:00:00,BULLISH,1.15955,1.15982,1.15969,2.7,8.1
2026-04-02 00:00:00,BEARISH,1.15527,1.15808,1.15667,28.1,44.2
2026-04-02 04:00:00,BEARISH,1.15393,1.15473,1.15433,8.0,9.3
2026-04-03 12:00:00,BEARISH,1.15314,1.15433,1.15374,12.0,24.0
2026-04-06 08:00:00,BULLISH,1.15393,1.15447,1.1542,5.3,14.7
2026-04-07 08:00:00,BULLISH,1.15487,1.15527,1.15507,4.0,9.3
2026-04-07 20:00:00,BULLISH,1.15861,1.16673,1.16267,81.1,89.2
2026-04-08 00:00:00,BULLISH,1.16673,1.16713,1.16693,4.1,5.5
2026-04-08 16:00:00,BEARISH,1.16741,1.16904,1.16822,16.4,42.3
2026-04-10 08:00:00,BULLISH,1.17,1.17137,1.17069,13.7,27.4
2026-04-10 20:00:00,BEARISH,1.16932,1.17165,1.17048,23.3,5.5
2026-04-13 00:00:00,BEARISH,1.16973,1.17275,1.17124,30.2,16.4
2026-04-13 12:00:00,BULLISH,1.17027,1.17055,1.17041,2.7,16.4
2026-04-13 16:00:00,BULLISH,1.1722,1.17578,1.17399,35.8,51.0
2026-04-14 04:00:00,BULLISH,1.17702,1.17786,1.17744,8.3,16.6
2026-04-14 08:00:00,BULLISH,1.17813,1.17966,1.1789,15.3,19.5
2026-04-16 08:00:00,BEARISH,1.17911,1.17966,1.17938,5.6,25.0
2026-04-17 08:00:00,BULLISH,1.17883,1.17952,1.17918,7.0,18.1
2026-04-17 16:00:00,BEARISH,1.17869,1.17952,1.17911,8.3,33.4
2026-04-17 20:00:00,BEARISH,1.17647,1.17799,1.17723,15.2,15.3
2026-04-20 00:00:00,BEARISH,1.17647,1.17661,1.17654,1.4,16.6
2026-04-21 04:00:00,BEARISH,1.17799,1.17813,1.17806,1.4,4.2
2026-04-22 12:00:00,BEARISH,1.17261,1.17495,1.17378,23.4,31.7
2026-04-22 16:00:00,BEARISH,1.17151,1.1722,1.17185,6.9,9.6
2026-04-24 08:00:00,BULLISH,1.16863,1.17027,1.16945,16.4,26.0
2026-04-27 04:00:00,BULLISH,1.17316,1.1733,1.17323,1.4,2.8
2026-04-27 08:00:00,BULLISH,1.17357,1.17398,1.17378,4.1,16.5
2026-04-27 16:00:00,BEARISH,1.17288,1.17398,1.17343,11.0,16.5
2026-04-28 00:00:00,BEARISH,1.17206,1.1722,1.17213,1.4,13.7
2026-04-28 04:00:00,BEARISH,1.1711,1.17123,1.17117,1.4,19.2
2026-04-28 16:00:00,BULLISH,1.17069,1.1711,1.17089,4.1,9.6
2026-04-29 16:00:00,BEARISH,1.1685,1.16877,1.16863,2.7,27.3
2026-04-30 08:00:00,BULLISH,1.16741,1.16877,1.16809,13.6,42.4
2026-04-30 12:00:00,BULLISH,1.17165,1.17275,1.1722,11.0,13.8
2026-05-01 16:00:00,BEARISH,1.17316,1.17481,1.17399,16.5,37.3
2026-05-04 08:00:00,BEARISH,1.17206,1.17275,1.1724,6.9,23.4
2026-05-05 12:00:00,BULLISH,1.16986,1.17,1.16993,1.4,15.1
2026-05-06 00:00:00,BULLISH,1.17123,1.17192,1.17158,6.9,11.0
2026-05-06 08:00:00,BULLISH,1.17467,1.17495,1.17481,2.8,56.8
2026-05-07 08:00:00,BULLISH,1.17592,1.17661,1.17626,6.9,19.4
2026-05-07 16:00:00,BEARISH,1.17564,1.17661,1.17612,9.7,27.7
2026-05-07 20:00:00,BEARISH,1.17385,1.17412,1.17398,2.8,24.8
2026-05-08 04:00:00,BULLISH,1.17385,1.17454,1.17419,6.9,16.5
2026-05-08 08:00:00,BULLISH,1.17509,1.17633,1.17571,12.4,18.0
2026-05-11 00:00:00,BEARISH,1.17716,1.17813,1.17765,9.7,4.2
2026-05-12 00:00:00,BEARISH,1.17675,1.17786,1.1773,11.1,22.2
2026-05-12 04:00:00,BEARISH,1.17564,1.17619,1.17592,5.5,11.1
2026-05-12 08:00:00,BEARISH,1.17536,1.1755,1.17543,1.4,8.3
2026-05-13 04:00:00,BEARISH,1.17261,1.17357,1.17309,9.6,19.3
2026-05-13 08:00:00,BEARISH,1.17206,1.1722,1.17213,1.4,8.2
2026-05-14 12:00:00,BEARISH,1.1685,1.17082,1.16966,23.3,27.4
2026-05-14 16:00:00,BEARISH,1.16822,1.16836,1.16829,1.4,0.0
2026-05-14 20:00:00,BEARISH,1.16727,1.16754,1.16741,2.7,8.2
2026-05-15 00:00:00,BEARISH,1.16577,1.167,1.16639,12.2,16.3
2026-05-18 04:00:00,BULLISH,1.16266,1.16306,1.16286,4.1,18.9
2026-05-19 04:00:00,BEARISH,1.16401,1.16455,1.16428,5.4,6.8
2026-05-19 08:00:00,BEARISH,1.16279,1.16374,1.16326,9.5,14.9
2026-05-20 12:00:00,BULLISH,1.16063,1.16171,1.16117,10.8,18.9
2026-05-21 08:00:00,BEARISH,1.16184,1.16198,1.16191,1.4,12.1
2026-05-22 20:00:00,BULLISH,1.16225,1.16387,1.16306,16.2,10.8
2026-05-25 00:00:00,BULLISH,1.16171,1.16387,1.16279,21.6,5.4
2026-05-26 20:00:00,BULLISH,1.16333,1.1636,1.16347,2.7,6.8
2026-05-28 00:00:00,BEARISH,1.16171,1.16293,1.16232,12.2,13.5
2026-05-28 12:00:00,BULLISH,1.16225,1.16496,1.1636,27.1,41.9
2026-05-29 12:00:00,BULLISH,1.16564,1.16659,1.16611,9.5,29.9
2026-05-29 20:00:00,BEARISH,1.16591,1.16659,1.16625,6.8,9.5
2026-06-01 12:00:00,BEARISH,1.16401,1.16496,1.16448,9.5,31.1
2026-06-02 04:00:00,BULLISH,1.16414,1.16428,1.16421,1.4,19.0
2026-06-02 16:00:00,BEARISH,1.16374,1.16401,1.16387,2.7,14.9
2026-06-04 08:00:00,BULLISH,1.16184,1.16333,1.16259,14.9,20.3
2026-06-04 16:00:00,BEARISH,1.16212,1.16333,1.16272,12.2,16.2
2026-06-05 04:00:00,BULLISH,1.16198,1.16266,1.16232,6.8,8.1
2026-06-05 12:00:00,BEARISH,1.1562,1.16266,1.15943,64.5,82.1
2026-06-05 16:00:00,BEARISH,1.153,1.1554,1.1542,24.0,36.0
2026-06-08 12:00:00,BULLISH,1.15314,1.15327,1.1532,1.3,17.3
2026-06-09 08:00:00,BULLISH,1.15553,1.15634,1.15594,8.0,20.0
2026-06-09 16:00:00,BEARISH,1.15527,1.15634,1.1558,10.7,13.4
2026-06-10 04:00:00,BULLISH,1.15473,1.15513,1.15493,4.0,8.0
2026-06-11 16:00:00,BULLISH,1.15447,1.15647,1.15547,20.0,41.3
2026-06-12 20:00:00,BULLISH,1.15861,1.15982,1.15922,12.1,4.0
2026-06-15 00:00:00,BULLISH,1.15808,1.16023,1.15915,21.5,9.4
2026-06-15 16:00:00,BEARISH,1.16036,1.16077,1.16056,4.0,10.8
2026-06-17 08:00:00,BEARISH,1.16063,1.16077,1.1607,1.3,10.8
2026-06-17 16:00:00,BEARISH,1.15433,1.15875,1.15654,44.1,49.5
2026-06-17 20:00:00,BEARISH,1.1526,1.15407,1.15334,14.6,34.5
2026-06-18 08:00:00,BEARISH,1.14903,1.15141,1.15022,23.8,58.1
2026-06-19 08:00:00,BULLISH,1.14574,1.14613,1.14593,3.9,21.0
2026-06-23 08:00:00,BEARISH,1.14051,1.14233,1.14142,18.2,23.5
2026-06-23 12:00:00,BEARISH,1.13882,1.13999,1.13941,11.7,19.5
2026-06-24 00:00:00,BEARISH,1.13779,1.13817,1.13798,3.9,12.9
2026-06-24 04:00:00,BEARISH,1.13636,1.13714,1.13675,7.8,9.0
2026-06-24 08:00:00,BEARISH,1.13546,1.13623,1.13585,7.7,18.0
2026-06-25 20:00:00,BEARISH,1.13727,1.1374,1.13733,1.3,5.2
2026-06-26 04:00:00,BULLISH,1.13727,1.13766,1.13746,3.9,16.8
2026-06-26 08:00:00,BULLISH,1.13843,1.13986,1.13915,14.3,29.9
2026-06-26 16:00:00,BEARISH,1.13947,1.13986,1.13967,3.9,5.2
2026-06-29 12:00:00,BULLISH,1.14155,1.14207,1.14181,5.2,16.9
2026-06-30 00:00:00,BEARISH,1.1409,1.14247,1.14168,15.6,22.2
2026-06-30 12:00:00,BULLISH,1.14116,1.14155,1.14136,3.9,31.3
2026-07-01 00:00:00,BEARISH,1.14142,1.14194,1.14168,5.2,14.3
2026-07-02 04:00:00,BULLISH,1.13921,1.13947,1.13934,2.6,13.0
2026-07-02 12:00:00,BULLISH,1.14233,1.14325,1.14279,9.1,32.7
2026-07-06 16:00:00,BULLISH,1.1426,1.14416,1.14338,15.7,26.1
2026-07-07 04:00:00,BEARISH,1.1439,1.14403,1.14397,1.3,11.8
2026-07-07 16:00:00,BEARISH,1.14273,1.14286,1.14279,1.3,14.4
2026-07-07 20:00:00,BEARISH,1.14155,1.14207,1.14181,5.2,10.4
2026-07-08 16:00:00,BULLISH,1.14168,1.14181,1.14175,1.3,20.9
2026-07-10 00:00:00,BULLISH,1.14377,1.1439,1.14384,1.3,24.9
2026-07-10 20:00:00,BEARISH,1.14077,1.14155,1.14116,7.8,0.0
2026-07-13 00:00:00,BEARISH,1.14116,1.14155,1.14136,3.9,1.3
2026-07-13 16:00:00,BEARISH,1.13934,1.14012,1.13973,7.8,19.5
2026-07-14 12:00:00,BULLISH,1.1409,1.14207,1.14149,11.7,53.5
2026-07-15 00:00:00,BULLISH,1.14312,1.14325,1.14318,1.3,20.9
2026-07-15 16:00:00,BULLISH,1.14443,1.14639,1.14541,19.7,31.5
2026-07-16 12:00:00,BEARISH,1.14521,1.14639,1.1458,11.8,15.7
2026-07-20 12:00:00,BEARISH,1.1422,1.14312,1.14266,9.1,24.8
2026-07-21 04:00:00,BULLISH,1.14207,1.14233,1.1422,2.6,10.4
2026-07-21 12:00:00,BEARISH,1.14142,1.14233,1.14188,9.1,15.6
2026-07-23 00:00:00,BULLISH,1.14155,1.14273,1.14214,11.7,19.6
2026-07-23 08:00:00,BEARISH,1.1409,1.14273,1.14181,18.3,19.6
2026-07-23 12:00:00,BEARISH,1.13843,1.14077,1.1396,23.4,32.4
2026-07-27 00:00:00,BULLISH,1.13766,1.14051,1.13908,28.5,15.6
2026-07-27 08:00:00,BEARISH,1.13986,1.14051,1.14019,6.5,14.3
2026-07-27 12:00:00,BEARISH,1.13882,1.13973,1.13928,9.1,24.6
2026-07-28 12:00:00,BULLISH,1.13766,1.13882,1.13824,11.7,24.6
2026-07-29 16:00:00,BULLISH,1.13999,1.14469,1.14234,47.0,69.1
2026-07-30 08:00:00,BULLISH,1.146,1.14692,1.14646,9.2,26.3
2026-07-30 12:00:00,BULLISH,1.14863,1.15035,1.14949,17.2,29.1
2026-07-31 00:00:00,BEARISH,1.15247,1.15274,1.1526,2.7,17.3
2026-07-31 16:00:00,BULLISH,1.15088,1.15274,1.15181,18.6,23.9
2026-08-03 12:00:00,BEARISH,1.15181,1.15207,1.15194,2.7,9.3
2026-08-06 04:00:00,BEARISH,1.155,1.15567,1.15533,6.7,8.0
2026-08-06 12:00:00,BEARISH,1.1538,1.15393,1.15387,1.3,8.0
2026-08-06 16:00:00,BEARISH,1.153,1.1534,1.1532,4.0,10.6
2026-08-07 08:00:00,BULLISH,1.15287,1.153,1.15294,1.3,5.3
2026-08-07 12:00:00,BULLISH,1.1534,1.1554,1.1544,20.0,25.3
2026-08-12 16:00:00,BEARISH,1.15327,1.15367,1.15347,4.0,21.3
2026-08-14 00:00:00,BULLISH,1.15354,1.15367,1.1536,1.3,1.3
2026-08-14 04:00:00,BULLISH,1.1542,1.1546,1.1544,4.0,9.3
2026-08-14 08:00:00,BULLISH,1.15473,1.15594,1.15534,12.0,10.7
2026-08-14 12:00:00,BULLISH,1.15607,1.1566,1.15634,5.3,24.1
2026-08-17 00:00:00,BULLISH,1.15741,1.15821,1.15781,8.0,5.4
2026-08-17 04:00:00,BULLISH,1.15875,1.15929,1.15902,5.4,16.1
2026-08-19 00:00:00,BULLISH,1.15835,1.15848,1.15841,1.3,5.4
2026-08-19 04:00:00,BULLISH,1.15902,1.15955,1.15929,5.4,12.1
2026-08-19 08:00:00,BULLISH,1.16009,1.16036,1.16023,2.7,10.8
2026-08-19 12:00:00,BULLISH,1.16158,1.16604,1.16381,44.7,55.5
2026-08-21 00:00:00,BULLISH,1.16877,1.16932,1.16904,5.5,12.3
2026-08-21 12:00:00,BEARISH,1.16877,1.16904,1.16891,2.7,30.1
